[
  {
    "id": "eb9d9c5a-daec-44a8-a891-710f9e31775d",
    "data": [
      {
        "text": "sure let\u0027s get started",
        "alias": "any",
        "meta": "@sys.any",
        "userDefined": true
      }
    ],
    "isTemplate": false,
    "count": 0,
    "updated": 0
  },
  {
    "id": "7e0b3f56-1e14-458f-9549-f9e73e71e5c4",
    "data": [
      {
        "text": "no",
        "alias": "any",
        "meta": "@sys.any",
        "userDefined": true
      }
    ],
    "isTemplate": false,
    "count": 0,
    "updated": 0
  },
  {
    "id": "74146fdc-a8bb-4ba8-ae10-5e2d259412ef",
    "data": [
      {
        "text": "yes",
        "alias": "any",
        "meta": "@sys.any",
        "userDefined": true
      }
    ],
    "isTemplate": false,
    "count": 0,
    "updated": 0
  }
]