[
  {
    "id": "93bb3506-5c52-49ad-9899-85a34059a645",
    "data": [
      {
        "text": "no",
        "alias": "any",
        "meta": "@sys.any",
        "userDefined": true
      }
    ],
    "isTemplate": false,
    "count": 0,
    "updated": 0
  },
  {
    "id": "c305452a-6e76-457d-a8ab-5e0950d48bb4",
    "data": [
      {
        "text": "yes",
        "alias": "any",
        "meta": "@sys.any",
        "userDefined": true
      }
    ],
    "isTemplate": false,
    "count": 0,
    "updated": 0
  }
]