[
  {
    "id": "2194416d-9975-4ecb-8721-c836249f4b10",
    "data": [
      {
        "text": "I am from ",
        "userDefined": false
      },
      {
        "text": "Bangalore",
        "alias": "any",
        "meta": "@sys.any",
        "userDefined": true
      }
    ],
    "isTemplate": false,
    "count": 0,
    "updated": 0
  },
  {
    "id": "06b802f8-24ce-4915-b87a-2152f1dcbbb8",
    "data": [
      {
        "text": "Bangalore",
        "alias": "any",
        "meta": "@sys.any",
        "userDefined": true
      }
    ],
    "isTemplate": false,
    "count": 0,
    "updated": 0
  }
]