[
  {
    "id": "d4a3157a-cefd-464d-9253-da5c7e0d1eaf",
    "data": [
      {
        "text": "no",
        "alias": "any",
        "meta": "@sys.any",
        "userDefined": true
      }
    ],
    "isTemplate": false,
    "count": 0,
    "updated": 0
  },
  {
    "id": "ea39baed-22c8-469f-88c7-ace9a6786354",
    "data": [
      {
        "text": "yes",
        "alias": "any",
        "meta": "@sys.any",
        "userDefined": true
      }
    ],
    "isTemplate": false,
    "count": 0,
    "updated": 0
  }
]