[
  {
    "id": "5755534a-5748-4f4b-a10c-e2f933e498fb",
    "data": [
      {
        "text": "yes ",
        "userDefined": false
      },
      {
        "text": "38 degree centigrade",
        "alias": "any",
        "meta": "@sys.any",
        "userDefined": true
      }
    ],
    "isTemplate": false,
    "count": 0,
    "updated": 0
  },
  {
    "id": "4b352d67-a86a-432d-b96d-8528f70254f2",
    "data": [
      {
        "text": "no",
        "userDefined": false
      }
    ],
    "isTemplate": false,
    "count": 1,
    "updated": 0
  },
  {
    "id": "4815516e-881c-4812-97d9-8382d038b347",
    "data": [
      {
        "text": "yes my body temperature is ",
        "userDefined": false
      },
      {
        "text": "38 degree centigrade",
        "alias": "any",
        "meta": "@sys.any",
        "userDefined": true
      }
    ],
    "isTemplate": false,
    "count": 0,
    "updated": 0
  }
]