[
  {
    "id": "e89bd4ca-c6e7-4a36-9341-49e510003ef0",
    "data": [
      {
        "text": "What are the ",
        "userDefined": false
      },
      {
        "text": "major symptoms of Covid-19",
        "alias": "any",
        "meta": "@sys.any",
        "userDefined": true
      }
    ],
    "isTemplate": false,
    "count": 0,
    "updated": 0
  },
  {
    "id": "8ca527d6-2ec8-496b-8751-be9693357384",
    "data": [
      {
        "text": "What are the ",
        "userDefined": false
      },
      {
        "text": "major symptoms of the Novel Corona Virus",
        "alias": "any",
        "meta": "@sys.any",
        "userDefined": true
      }
    ],
    "isTemplate": false,
    "count": 0,
    "updated": 0
  }
]