[
  {
    "id": "cc910fdc-16b5-41e5-b4a3-9d3a60885a03",
    "data": [
      {
        "text": "no",
        "alias": "any",
        "meta": "@sys.any",
        "userDefined": true
      }
    ],
    "isTemplate": false,
    "count": 0,
    "updated": 0
  },
  {
    "id": "3fea1b96-2813-4ae0-a719-75ff41b472ef",
    "data": [
      {
        "text": "yes",
        "alias": "any",
        "meta": "@sys.any",
        "userDefined": true
      }
    ],
    "isTemplate": false,
    "count": 0,
    "updated": 0
  }
]