[
  {
    "id": "2fd17163-3894-48f4-9aa3-0413bb9a494b",
    "data": [
      {
        "text": "yes",
        "alias": "any",
        "meta": "@sys.any",
        "userDefined": true
      }
    ],
    "isTemplate": false,
    "count": 0,
    "updated": 0
  },
  {
    "id": "0e4cb62a-39f1-40ba-b663-b1dc8e5af23e",
    "data": [
      {
        "text": "locate me",
        "alias": "any",
        "meta": "@sys.any",
        "userDefined": true
      }
    ],
    "isTemplate": false,
    "count": 0,
    "updated": 0
  },
  {
    "id": "1b186751-9ed5-46b9-bd24-1f69b6a3d17e",
    "data": [
      {
        "text": "yes locate me",
        "alias": "any",
        "meta": "@sys.any",
        "userDefined": true
      }
    ],
    "isTemplate": false,
    "count": 0,
    "updated": 0
  }
]