[
  {
    "id": "5cf4af9f-a5cd-448d-9801-e3751c099df8",
    "data": [
      {
        "text": "Nihal",
        "alias": "any",
        "meta": "@sys.any",
        "userDefined": true
      }
    ],
    "isTemplate": false,
    "count": 0,
    "updated": 0
  },
  {
    "id": "7d2e3c27-5202-41b9-97bb-832f8481242f",
    "data": [
      {
        "text": "Nihal Konan",
        "alias": "any",
        "meta": "@sys.any",
        "userDefined": true
      }
    ],
    "isTemplate": false,
    "count": 0,
    "updated": 0
  },
  {
    "id": "7cb06e04-ed01-406a-8c07-dbd8aaceb903",
    "data": [
      {
        "text": "My name is ",
        "userDefined": false
      },
      {
        "text": "Nihal Konan",
        "alias": "any",
        "meta": "@sys.any",
        "userDefined": true
      }
    ],
    "isTemplate": false,
    "count": 0,
    "updated": 0
  }
]