[
  {
    "id": "0ac52429-2b86-47b2-a3b2-0501a95209dc",
    "data": [
      {
        "text": "no",
        "alias": "any",
        "meta": "@sys.any",
        "userDefined": true
      }
    ],
    "isTemplate": false,
    "count": 0,
    "updated": 0
  },
  {
    "id": "ad29a441-b8a2-4fb2-ad56-60f5df49c163",
    "data": [
      {
        "text": "yes",
        "alias": "any",
        "meta": "@sys.any",
        "userDefined": true
      }
    ],
    "isTemplate": false,
    "count": 0,
    "updated": 0
  }
]