[
  {
    "id": "65f40110-0459-4040-afcd-3b85d770d614",
    "data": [
      {
        "text": "I am facing some of the major symptoms of the novel corona virus or Covid-19 and I need help immediately",
        "alias": "any",
        "meta": "@sys.any",
        "userDefined": true
      }
    ],
    "isTemplate": false,
    "count": 0,
    "updated": 0
  },
  {
    "id": "68fc8024-9e8b-414d-8e4c-5c9d175e056a",
    "data": [
      {
        "text": "There are people I know who are facing symptoms of the Corona Virus",
        "alias": "any",
        "meta": "@sys.any",
        "userDefined": true
      }
    ],
    "isTemplate": false,
    "count": 0,
    "updated": 0
  }
]