[
  {
    "id": "11bb88c4-e01c-43d6-82a8-2403ef743239",
    "data": [
      {
        "text": "not now",
        "alias": "any",
        "meta": "@sys.any",
        "userDefined": true
      }
    ],
    "isTemplate": false,
    "count": 0,
    "updated": 0
  },
  {
    "id": "109c28fe-a0e7-41d2-ab3e-f219a15673ea",
    "data": [
      {
        "text": "no",
        "alias": "any",
        "meta": "@sys.any",
        "userDefined": true
      }
    ],
    "isTemplate": false,
    "count": 0,
    "updated": 0
  }
]