[
  {
    "id": "e90a2b40-cf1a-4630-b46d-403acd8918bf",
    "data": [
      {
        "text": "no",
        "alias": "any",
        "meta": "@sys.any",
        "userDefined": true
      }
    ],
    "isTemplate": false,
    "count": 0,
    "updated": 0
  },
  {
    "id": "89afd862-9528-46d3-aeb9-1497cc429113",
    "data": [
      {
        "text": "nope",
        "alias": "any",
        "meta": "@sys.any",
        "userDefined": true
      }
    ],
    "isTemplate": false,
    "count": 0,
    "updated": 0
  },
  {
    "id": "6a147eeb-2432-4394-b441-e847d4b577cc",
    "data": [
      {
        "text": "yes China",
        "alias": "any",
        "meta": "@sys.any",
        "userDefined": true
      }
    ],
    "isTemplate": false,
    "count": 0,
    "updated": 0
  },
  {
    "id": "26590e72-7fb3-4fdd-8627-3a29dc9b4646",
    "data": [
      {
        "text": "yes I traveled to ",
        "userDefined": false
      },
      {
        "text": "China",
        "alias": "any",
        "meta": "@sys.any",
        "userDefined": true
      }
    ],
    "isTemplate": false,
    "count": 0,
    "updated": 0
  }
]